c160s+c172s+l105h,tgctttacctgcGCTatacagaccccaacc,atacggctgcagtgcGCTcaggctgctaatatt,tttgctaacatcaccATGggttgctgcgttatt
c160s+c172s+l105h+v108i,tgctttacctgcGCTatacagaccccaacc,atacggctgcagtgcGCTcaggctgctaatatt,cagaaaacctttgctAATatcaccATGggttgctgcgttatt
c160s+c172s+l105h+v108i+l223m,tttcagtttctgCATtttactacgcagttc,tgctgctttacctgcGCTatacagaccccaacc,atacggctgcagtgcGCTcaggctgctaatatt,cagaaaacctttgctAATatcaccATGggttgctgcgttatt
c160s+c172s+l159w+l223h+l226w,accatcacttttCCAtttctgATGtttactacgcagttc,tgctgctttacctgcGCTatacagaccccaacc,atacggctgcagtgcGCTCCAgctgctaatattcac
c160s+c172s+l223h+l226w,accatcacttttCCAtttctgATGtttactacgcagttc,tgctgctttacctgcGCTatacagaccccaacc,atacggctgcagtgcGCTcaggctgctaatatt
l105h,gctaacatcaccATGggttgctgcgttatt
l105h+v108i,aaaacctttgctAATatcaccATGggttgctgcgttatt
l105h+v108i+l223m,tttcagtttctgCATtttactacgcagttc,cagaaaacctttgctAATatcaccATGggttgctgcgttatt
l159w+l223h+l226w,accatcacttttCCAtttctgATGtttactacgcagttc,cggctgcagtgcacaCCAgctgctaatattcac
l223h+l226w,accatcacttttCCAtttctgATGtttactacgcagttc
