a89h+m157a+t161s,accgctaataccGCTaataccatgCGCtttttcttcatcatc,gccaacactcagaccATGtgcaacgctcagaac
a89h+m157a,ggtaataccatgCGCtttttcttcatcatc,gccaacactcagaccATGtgcaacgctcagaac
a89h,aacactcagaccATGtgcaacgctcagaac
a89h+m110n+t161s,accgctaataccGCTaataccatgcatttt,acccggtgtattcggGTTaacacgaacaatacg,gccaacactcagaccATGtgcaacgctcagaac
a89h+s255t,ttccatttcttgGGTacgacgaacacatgc,gccaacactcagaccATGtgcaacgctcagaac
a89h+g90a,gccaacactcagCGCATGtgcaacgctcagaac
a89h+g90v,gccaacactcagCACATGtgcaacgctcagaac
m110a+g159i+t161d+s164y+c251r,gctacgacgaacACGtgcacaaacaccttc,ggcaggacctgaaccATAaataccATCaatAATatgcattttttcttc,acccggtgtattcggCGCaacacgaacaatacg
m110a+t161d+c251r,gctacgacgaacACGtgcacaaacaccttc,tgaaccgctaataccATCaataccatgcatttt,acccggtgtattcggCGCaacacgaacaatacg
m110a+t161d,accgctaataccATCaataccatgcatttt,acccggtgtattcggCGCaacacgaacaatacg
