m125e+f128e+y131q+f318a+v321n,attacccagaatGTTatcaccCGCccaccaaataccaac,gctttcaattttgccCTGgctttcTTCcggaccTTCataatgtttacgacc
f128e,gccatagctttcTTCcggacccatataatg
f128h,gccatagctttcATGcggacccatataatg
m125e+p127a+f128e+y131q+n180p+v321a,attacccagaatCGCatcaccaaaccacca,gctaaaaccaaaaatCGGaccaggacgatgaac,gctttcaattttgccCTGgctttcTTCCGCaccTTCataatgtttacgacc
k122e+m125r+f128p+y131e+n180p+i315w+f318v+v321h,attacccagaatATGatcaccCACccaccaCCAaccaacatctttcag,gctaaaaccaaaaatCGGaccaggacgatgaac,gctttcaattttgccTTCgctttcCGGcggaccACGataatgTTCacgaccggtctgcag
y131e+i315w+f318v+v321h,attacccagaatATGatcaccCACccaccaCCAaccaacatctttcag,gctttcaattttgccTTCgctttcaaacggacc
i315w+f318v+v321h,attacccagaatATGatcaccCACccaccaCCAaccaacatctttcag
f318v+v321h,attacccagaatATGatcaccCACccaccaaataccaac
f318i+v321h,attacccagaatATGatcaccAATccaccaaataccaac
f318n+v321h,attacccagaatATGatcaccGTTccaccaaataccaac
f318h+v321h,attacccagaatATGatcaccATGccaccaaataccaac
f128h+f318h+v321h,attacccagaatATGatcaccATGccaccaaataccaac,tttgccatagctttcATGcggacccatataatg
