y171s+y181m+m185h+k189m,ttccagtgcggcCATtgcgctgctATGaccaccgccCATacccggaacaactttctggcttgcatgGCTggtcagactaatgat
y171s+y181m+m185h,ttttgcgctgctATGaccaccgccCATacccggaacaactttctggcttgcatgGCTggtcagactaatgat
y171s+y181h+m185h,ttttgcgctgctATGaccaccgccATGacccggaacaactttctggcttgcatgGCTggtcagactaatgat
y171s+y181h,cataccaccgccATGacccggaacaactttctggcttgcatgGCTggtcagactaatgat
a121t+y171a+y181e+m185e+i227k+k229y,ggtattattcagATAgttTTTtgcggttgctgcacg,ggcttttgcgctgctTTCaccaccgccTTCacccggaacaactttctggcttgcatgCGCggtcagactaatgat,aacttctttggcgttGGTcaggctatgaaccag
y171a+y181e,cataccaccgccTTCacccggaacaactttctggcttgcatgCGCggtcagactaatgat
a121t+y171s+y181d+k229y,ggtattattcagATAgttaattgcggttgc,gctcataccaccgccATCacccggaacaactttctggcttgcatgGCTggtcagactaatgat,aacttctttggcgttGGTcaggctatgaaccag
y171s+y181d,cataccaccgccATCacccggaacaactttctggcttgcatgGCTggtcagactaatgat
y171a+h172w+a173d+v178n+y181s+s215d,cagcggacctgcATCaatggtattaatgcg,gctcataccaccgccGCTacccggGTTaactttctggctATCCCACGCggtcagactaatgat
y171a+a173d+v178n+y181s,cataccaccgccGCTacccggGTTaactttctggctATCatgCGCggtcagactaatgat
