ttccagtgcggcCATtgcgctgctATGaccaccgccCATacccggaacaactttctggcttgcatgGCTggtcagactaatgat,y171s+y181m+m185h+k189m,alex,25N,none,none,DSL,none
ttttgcgctgctATGaccaccgccCATacccggaacaactttctggcttgcatgGCTggtcagactaatgat,y171s+y181m+m185h,alex,25N,none,none,DSL,none
ttttgcgctgctATGaccaccgccATGacccggaacaactttctggcttgcatgGCTggtcagactaatgat,y171s+y181h+m185h,alex,25N,none,none,DSL,none
cataccaccgccATGacccggaacaactttctggcttgcatgGCTggtcagactaatgat,y171s+y181h,alex,25N,none,none,DSL,none
ggtattattcagATAgttTTTtgcggttgctgcacg,a121t+y171a+y181e+others,alex,25N,none,none,DSL,none
ggcttttgcgctgctTTCaccaccgccTTCacccggaacaactttctggcttgcatgCGCggtcagactaatgat,a121t+y171a+y181e+others-2,alex,25N,none,none,DSL,none
aacttctttggcgttGGTcaggctatgaaccag,a121t+y171a+y181e+others-3,alex,25N,none,none,DSL,none
cataccaccgccTTCacccggaacaactttctggcttgcatgCGCggtcagactaatgat,y171a+y181e,alex,25N,none,none,DSL,none
ggtattattcagATAgttaattgcggttgc,a121t+y171s+y181d+k229y,alex,25N,none,none,DSL,none
gctcataccaccgccATCacccggaacaactttctggcttgcatgGCTggtcagactaatgat,a121t+y171s+y181d+k229y-2,alex,25N,none,none,DSL,none
aacttctttggcgttGGTcaggctatgaaccag,a121t+y171s+y181d+k229y-3,alex,25N,none,none,DSL,none
cataccaccgccATCacccggaacaactttctggcttgcatgGCTggtcagactaatgat,y171s+y181d,alex,25N,none,none,DSL,none
cagcggacctgcATCaatggtattaatgcg,y171a+h172w+a173d+others,alex,25N,none,none,DSL,none
gctcataccaccgccGCTacccggGTTaactttctggctATCCCACGCggtcagactaatgat,y171a+h172w+a173d+others-2,alex,25N,none,none,DSL,none
cataccaccgccGCTacccggGTTaactttctggctATCatgCGCggtcagactaatgat,y171a+a173d+v178n+y181s,alex,25N,none,none,DSL,none
accgctaataccGCTaataccatgCGCtttttcttcatcatc,a89h+m157a+t161s,alex,25N,none,none,DSL,none
gccaacactcagaccATGtgcaacgctcagaac,a89h+m157a+t161s-2,alex,25N,none,none,DSL,none
ggtaataccatgCGCtttttcttcatcatc,a89h+m157a,alex,25N,none,none,DSL,none
gccaacactcagaccATGtgcaacgctcagaac,a89h+m157a-2,alex,25N,none,none,DSL,none
aacactcagaccATGtgcaacgctcagaac,a89h,alex,25N,none,none,DSL,none
accgctaataccGCTaataccatgcatttt,a89h+m110n+t161s,alex,25N,none,none,DSL,none
acccggtgtattcggGTTaacacgaacaatacg,a89h+m110n+t161s-2,alex,25N,none,none,DSL,none
gccaacactcagaccATGtgcaacgctcagaac,a89h+m110n+t161s-3,alex,25N,none,none,DSL,none
ttccatttcttgGGTacgacgaacacatgc,a89h+s255t,alex,25N,none,none,DSL,none
gccaacactcagaccATGtgcaacgctcagaac,a89h+s255t-2,alex,25N,none,none,DSL,none
gccaacactcagCGCATGtgcaacgctcagaac,a89h+g90a,alex,25N,none,none,DSL,none
gccaacactcagCACATGtgcaacgctcagaac,a89h+g90v,alex,25N,none,none,DSL,none
gctacgacgaacACGtgcacaaacaccttc,m110a+g159i+t161d+s164y+c251r,alex,25N,none,none,DSL,none
ggcaggacctgaaccATAaataccATCaatAATatgcattttttcttc,m110a+g159i+t161d+s164y+c251r-2,alex,25N,none,none,DSL,none
acccggtgtattcggCGCaacacgaacaatacg,m110a+g159i+t161d+s164y+c251r-3,alex,25N,none,none,DSL,none
gctacgacgaacACGtgcacaaacaccttc,m110a+t161d+c251r,alex,25N,none,none,DSL,none
tgaaccgctaataccATCaataccatgcatttt,m110a+t161d+c251r-2,alex,25N,none,none,DSL,none
acccggtgtattcggCGCaacacgaacaatacg,m110a+t161d+c251r-3,alex,25N,none,none,DSL,none
accgctaataccATCaataccatgcatttt,m110a+t161d,alex,25N,none,none,DSL,none
acccggtgtattcggCGCaacacgaacaatacg,m110a+t161d-2,alex,25N,none,none,DSL,none